Name,Price,Ship expenses,Link
"Universal e-Paper Raw Panel Driver Board, ESP32 WiFi / Bluetooth Wireless","$14,99",,https://www.waveshare.com/e-paper-esp32-driver-board.htm
"800×480, 7.5inch E-Ink display HAT for Raspberry Pi","$47,99","$14,00",https://www.waveshare.com/product/7.5inch-e-paper.htm
"974058 3000mAh Lipo Battery 3.7V Lithium Polymer Batteries PH2P for Massage Meter GPS Navigator Aeromodelling Rechargeable Cell
","10,99 €",,https://es.aliexpress.com/item/1005008979897440.html?spm=a2g0o.cart.0.0.770938dauGao8v&mp=1&gatewayAdapt=glo2esp
20/50/100PCS/LOT NEW TTP223 Touch Button Module Capacitor Type Single Channel Self Locking Touch Switch Sensor for Arduino,"2,12 €","8,14 €",https://es.aliexpress.com/item/1005006246380749.html?mp=1&gatewayAdapt=glo2esp
Frame,"0,00 €",0,https://www.leroymerlin.es/productos/marco-natural-wood-natural-13x18cm-71670242.html
2/5PCS 5V 1A Micro/Type-c/Mini 18650 TP4056 Lithium Battery Charger Module Charging Board With Protection Dual Functions Li-ion,"1,74€",,https://es.aliexpress.com/item/1005006043031985.html?spm=a2g0o.productlist.main.1.53adMSdrMSdr6r&algo_pvid=27b72ce4-d33b-49ed-9f64-83d7136b1e5b&pdp_ext_f=%7B%22order%22%3A%2244505%22%2C%22spu_best_type%22%3A%22price%22%2C%22eval%22%3A%221%22%2C%22fromPage%22%3A%22search%22%7D&utparam-url=scene%3Asearch%7Cquery_from%3A%7Cx_object_id%3A1005006043031985%7C_p_origin_prod%3A
Total:,"€89,43",,
$ Total:,"$103,62",,
,,,
,,,
,,,
,,,
,,,
,,,
,,,
,,,
,,,
,,,
,,,
,,,
,,,
,,,
,,,
,,,
,,,
,,,
,,,
,,,
,,,
,,,
,,,
,,,
,,,
,,,
,,,
,,,
,,,
,,,
,,,
,,,
,,,
,,,
,,,
,,,
,,,
,,,
,,,
,,,
,,,
,,,
,,,
,,,
,,,
,,,
"0,8631",,,